day,value
1,0
2,0
3,0
4,1
5,0
6,0
7,0
8,0
9,2
10,0
11,0
12,0
13,0
14,0
15,0
16,2
17,2
18,1
19,0
20,0
21,0
22,1
23,1
24,1
25,0
26,1
27,1
28,0
29,1
30,1
31,0
32,0
33,2
34,0
35,2
36,3
37,0
38,0
39,3
40,0
41,1
42,2
43,2
44,2
45,4
46,1
47,3
48,8
49,5
50,9
51,6
52,3
53,3
54,7
55,6
56,7
57,5
58,6
59,8
60,10
61,17
62,11
63,6
64,13
65,11
66,5
67,7
68,16
69,17
70,11
71,16
72,11
73,5
74,10
75,8
76,16
77,15
78,23
79,18
80,18
81,15
82,16
83,14
84,20
85,21
86,25
87,21
88,8
89,20
90,20
91,32
92,28
93,27
94,17
95,23
96,27
97,25
98,24
99,40
100,36
101,26
102,21
103,33
104,44
105,32
106,30
107,21
108,25
109,27
110,45
111,46
112,45
113,35
114,19
115,30
116,33
117,33
118,26
119,33
120,14
121,15
122,17
123,21
124,26
125,40
126,35
127,35
128,26
129,13
130,8
131,24
132,17
133,32
134,29
135,13
136,10
137,5
138,19
139,16
140,10
141,19
142,27
143,11
144,7
145,9
146,6
147,12
148,8
149,7
150,10
151,3
152,10
153,8
154,9
155,5
156,5
157,3
158,1
159,7
160,10
161,8
162,7
163,1
164,2
165,2
166,7
167,10
168,8
169,8
170,3
171,1
172,1
173,2
174,7
175,8
176,4
177,4
178,4
179,0
180,6
181,3
182,8
183,4
184,7
185,7
186,3
187,7
188,3
189,9
190,6
191,7
192,7
193,3
194,8
195,8
196,8
197,16
198,16
199,11
200,6
201,10
202,12
203,8
204,11
205,15
206,5
207,12
208,9
209,9
210,12
211,12
212,11
213,12
214,10
215,12
216,12
217,13
218,13
219,17
220,15
221,5
222,10
223,15
224,12
225,12
226,13
227,10
228,13
229,5
230,14
231,12
232,11
233,12
234,13
235,4
236,11
237,18
238,10
239,7
240,7
241,10
242,3
243,12
244,11
245,11
246,3
247,1
248,6
249,8
250,8
251,5
252,3
253,8
254,5
255,1
256,3
257,4
258,7
259,5
260,5
261,1
262,4
263,2
264,1
265,3
266,2
267,4
268,0
269,1
270,1
271,1
272,2
273,0
274,1
275,1
276,1
277,0
278,0
279,0
280,1
281,0
282,0
283,0
284,0
285,0
286,0
287,0
288,0
289,0
290,0
291,0
292,0
293,0
294,0
295,0
296,0
297,0
298,0
299,0
300,0
301,0
302,0
303,0
304,0
305,0
306,0
307,0
308,0
309,0
310,0
311,0
312,0
313,0
314,0
315,0
316,0
317,1
318,0
319,0
320,0
321,0
322,0
323,0
324,0
325,0
326,0
327,1
328,0
329,0
330,0
331,0
332,0
333,0
334,0
335,0
336,1
337,0
338,0
339,0
340,0
341,0
342,1
343,1
344,0
345,0
346,0
347,0
348,0
349,0
350,1
351,0
352,0
353,0
354,0
355,0
356,0
357,0
358,0
359,0
360,2
361,0
362,0
363,2
364,3
365,0
366,2
367,0
368,0
369,1
370,0
371,1
372,0
373,1
374,2
375,0
376,0
377,1
378,1
379,0
380,1
381,2
382,0
383,2
384,0
385,1
386,0
387,0
388,0
389,0
390,1
391,1
392,0
393,0
394,4
395,0
396,1
397,5
398,3
399,2
400,0
401,5
402,0
403,2
404,7
405,6
406,2
407,2
408,1
409,2
410,4
411,4
412,5
413,5
414,8
415,4
416,3
417,7
418,6
419,9
420,10
421,9
422,9
423,8
424,7
425,10
426,14
427,13
428,14
429,6
430,11
431,10
432,20
433,18
434,21
435,27
436,17
437,18
438,7
439,28
440,29
441,12
442,27
443,44
444,18
445,14
446,23
447,33
448,34
449,37
450,38
451,27
452,15
453,39
454,26
455,27
456,25
457,34
458,18
459,17
460,32
461,32
462,19
463,23
464,22
465,24
466,14
467,26
468,21
469,24
470,5
471,15
472,8
473,11
474,12
475,13
476,9
477,11
478,4
479,6
480,7
481,7
482,7
483,11
484,7
485,5
486,2
487,2
488,7
489,13
490,6
491,1
492,6
493,3
494,3
495,4
496,3
497,1
498,1
499,1
500,0
501,3
502,2
503,0
504,0
505,1
506,2
507,3
508,1
509,7
510,5
511,0
512,2
513,2
514,1
515,1
516,4
517,3
518,3
519,2
520,0
521,1
522,0
523,7
524,2
525,0
526,4
527,1
528,0
529,0
530,8
531,3
532,7
533,2
534,2
535,2
536,3
537,7
538,2
539,2
540,12
541,2
542,3
543,2
544,3
545,2
546,2
547,7
548,5
549,1
550,1
551,4
552,6
553,5
554,5
555,4
556,0
557,2
558,8
559,5
560,4
561,5
562,11
563,2
564,2
565,7
566,5
567,5
568,3
569,3
570,5
571,6
572,5
573,7
574,7
575,2
576,2
577,2
578,0
579,2
580,4
581,3
582,4
583,2
584,2
585,1
586,2
587,3
588,2
589,4
590,0
591,0
592,3
593,4
594,7
595,1
596,1
597,1
598,0
599,1
600,6
601,1
602,2
603,2
604,0
605,1
606,1
607,1
608,1
609,0
610,2
611,0
612,1
613,1
614,0
615,3
616,0
617,1
618,0
619,1
620,0
621,0
622,1
623,1
624,0
625,1
626,0
627,0
628,2
629,0
630,0
631,0
632,0
633,0
634,0
635,0
636,0
637,1
638,0
639,0
640,0
641,0
642,0
643,0
644,1
645,1
646,1
647,1
648,1
649,0
650,1
651,0
652,1
653,1
654,0
655,0
656,2
657,4
658,0
659,0
660,0
661,0
662,0
663,1
664,3
665,4
666,1
667,1
668,0
669,0
670,0
671,0
672,1
673,1
674,0
675,1
676,1
677,2
678,0
679,2
680,0
681,1
682,0
683,0
684,3
685,4
686,3
687,1
688,2
689,0
690,2
691,3
692,1
693,3
694,4
695,3
696,0
697,0
698,2
699,2
700,2
701,1
702,1
703,0
704,1
705,5
706,0
707,3
708,1
709,3
710,1
711,1
712,2
713,1
714,2
715,0
716,0
717,0
718,0
719,1
720,1
721,1
722,4
723,1
724,0
725,0
726,1
727,0
728,1
729,0
730,1
731,1
732,0
733,1
734,1
735,1
736,0
737,1
738,0
739,0
740,0
741,0
742,0
743,1
744,2
745,0
746,0
747,2
748,1
749,1
750,2
751,1
752,1
753,0
754,2
755,7
756,4
757,2
758,0
759,2
760,2
761,1
762,1
763,6
764,3
765,3
766,0
767,4
768,10
769,5
770,3
771,4
772,0
773,1
774,3
775,8
776,2
777,2
778,3
779,0
780,2
781,1
782,1
783,1
784,1
785,3
786,1
787,2
788,2
789,0
790,1
791,1
792,0
793,3
794,0
795,1
796,3
797,1
798,0
799,1
800,0
801,2
802,0
803,2
804,1
805,1
806,0
807,1
808,0
809,2
810,2
811,2
812,2
813,1
814,2
815,1
816,0
817,3
818,1
819,2
820,2
821,3
822,3
823,0
824,3
825,1
826,1
827,4
828,3
829,0
830,0
831,3
832,5
833,0
834,1
835,2
836,1
837,0
838,4
839,3
840,2
841,1
842,3
843,1
844,0
845,0
846,1
847,2
848,4
849,2
850,0
851,0
852,2
853,4
854,1
855,1
856,0
857,1
858,1
859,1
860,3
861,0
862,0
863,0
864,0
865,0
866,0
867,1
868,1
869,1
870,0
871,0
872,1
873,0
874,0
875,0
876,2
877,0
878,0
879,0
880,0
881,1
882,0
883,0
884,0
885,0
886,0
887,1
888,0
889,0
890,0
891,0
892,0
893,0
894,2
895,0
896,1
897,1
898,0
899,0
900,0
